date,review,rating,isEdited,userName,title
2023-07-12 18:18:55,"I love gas digital and everything they do, this app does just need a little work. It constantly kicks me from what I‚Äôm watching to main menu. It makes it difficult to navigate other apps while listening to a podcast. And it really should hold your spot when your in the middle of a show have to do something else and come back to hit play only to have it start you from the beginning",3,False,ErrlWaxxington,Love Gas
2023-08-27 03:03:17,"This is definitely better then logging in to the website every time but the user interface is off and every time I‚Äôm watching the video version of a podcast the loading wheel is constantly spinning in the middle of the screen. The ui could use improvement finding shows other then los, rap, and part of the problem is a hassle. The only way I‚Äôve found to get rid of the loading wheel is to hit the -10sec button but it‚Äôs not reliable and the +30sec button isn‚Äôt either. It doesn‚Äôt make sense to have those as different denominations either have it as -30 +30 or -10 +10. Another small complaint is that the buttons on the screen are too small if I try to pause or rewind I hit the time bar instead and rewind way too far back or fast forward way too far. Some people pay like $15 a month for this y‚Äôall should step it up.",2,False,theguy445,Needs improvement
2023-06-29 14:56:59,"Updated review:
Was able to login, and have had 0 issues with the app.
Newer listener so I‚Äôve seen the issues stated with multiple platforms but in my experience I have had very minimal complication with the app, and the websites they have used this past year. Really enjoy being able to watch back through the years.",5,False,RoRo4200,Love the all
2023-09-01 19:10:24,"If luis‚Äô band of monkeys don‚Äôt add a ‚Äúrecently played‚Äù feature, or fix the issue where if you close out of the app and reopen it the podcast stops and brings you to the Home Screen, I am literally going to hang myself and write a note blaming the entire gAs team. Also a video quality selector would be sweet. It‚Äôs on the website so why in the motherhuck is it not on the app. LUIS. GET THESE ISSUES FIXED",4,False,Prince of destruction,My thoughts
2023-06-19 19:16:59,"Excited to see the network get an app. It‚Äôs still in it‚Äôs early stages though. When trying to watch multiple shows the video player won‚Äôt load, and you‚Äôre shown an image of the show logo instead. When the video does work it‚Äôs similar to the player that‚Äôs on the website.",3,False,ipad gripe,Video playback
2023-06-22 03:58:16,"Needs the capability of playing picture in picture. 
Need to be able to make playlist queue like the Sword & Scale app
Custom speed should be available like Audible or at least 1.2x speed only options are 1.5x or 2x 
Until then this app is worse than just using Safari browser",4,False,Diggy Lifts,Needs more features
2023-07-20 21:46:58,"I love so many Gas Digital podcasts, but their tech is consistently underwhelming.  No Picture in Picture, shows don‚Äôt show up on the iPhone player when my phone is locked, the app closes my show if I‚Äôm not in the app for more than 5 minutes, and most show archives only go back a couple months.  Why do I even pay a subscription if I can‚Äôt access what I‚Äôm paying for?",2,False,DHELFH,Not as good as the website
2023-08-01 14:19:07,"They tried to do this app thing before and it was awful, this time it‚Äôs not so bad. 

Bold to list it suitable for 12+, I think they should have gone with 5+, so I could watch SDR while talking to Baby James in the live chat. ‚ÄúSanta is real, and he and his kind control the weather James.‚Äù",5,False,Boon B,Not Bad
2023-07-06 11:01:43,Needs back feature instead of scrolling to the bottom also needs access to all legion of skanks episodes that‚Äôs the reason I subscribed not to just go back to 2022,3,False,Jeremylu154,Good start
2023-06-20 19:33:46,I would love for pip to work. If I need to do something different please let me know. I can still listen in the background but I like working on stuff and watching the little picture in the corner. Thanks!!,5,False,828nater,Great app so far!
2023-09-08 11:16:21,"The app needs a lot of work, especially in terms of contacting any sort of support. The app constantly kicks me off of whatever I‚Äôm watching/listening to and the RSS link never works in Apple Podcasts. If Luis would hire a reputable developer instead of constantly taking *insert random woman‚Äôs name here* to *insert exotic foreign country here*, the app would be better than any other subscription service.",1,False,BlackLabelBrad,"Love the network, hate the app"
2023-07-28 19:27:02,"I get having bugs, but man you can‚Äôt even pause an episode without the app refreshing causing you to go through the entire library, find your episode, find your place in the episode, all to have it happen again. Louis take one month without a vacation and invest in your product.",2,False,Thick Steele,Fix the app Herrington
2023-06-17 23:05:22,"I‚Äôve been listening nonstop since the app came out, all of a sudden I get a disability check every month and I don‚Äôt have to work anymore! Thanks gas digital!",5,False,Jason Perry 0903,Wow!
2023-06-29 12:26:46,The app resets anytime I use another app or let my phone go to Lock Screen. There is no Picture in Picture or anyway to prevent this as far as I can tell. The button interface is also too small and it‚Äôs really easy to hit the wrong button,2,False,Matt____Carter,Needs a lot of work still
2023-06-22 19:23:55,"If you pause and minimize the app, you have to start the video/audio all over.  There is no memory of which show or where in the show you stopped.  Doesn‚Äôt pause or start except  within the app.  Can‚Äôt use headphones or other connected device with a pause or start function.",1,False,asdf0409,Unusable
2023-07-26 04:10:02,"5 stars for Legion of skanks!
The app needs a little work.
Need airplay within the app video.
Screen in screen play.
Does not show up in media widget player.
For some reason won‚Äôt play Bluetooth with Uconnect. (Bluetooth does work in headphones)
The app also kicks you off an episode if you pick up a phone call or pause for too long.",5,False,wiscofisherman,Needs work
2023-07-14 20:55:06,"Picture in Picture doesn‚Äôt work, no option to cast. People have been asking for these things since the launch of the new site and they keep saying it‚Äôs coming yet ???",2,False,Cacrabill,Could be a lot better
2023-06-16 15:17:13,Hope this app lasts longer then the last one,5,False,PhillipOliverWholes,Round two
2023-06-20 01:50:40,I‚Äôm so happy gas finally has an app!! I highly support the GaS digital world and everything they do! Gomites for life!!,5,False,mAESTRO_222,The app I‚Äôve been waiting for!
2023-06-19 15:18:52,"Been married 10 years now, wife is pregnant with twins and we plan to name them Luis and John regardless of the gender. Gas Digital gave my life real meaning.",5,False,XxIhavegas69420xX,Met my wife on this app
2023-08-01 19:16:18,"Unable to log on
Account is on auto-pay but site and app now say my user doesn‚Äôt exist.
Tried resetting password but same issue.",3,False,Suspending Membership,App and site down
2023-09-09 17:26:12,Please implement a way to exit out of the videos. I couldn‚Äôt get back to the main menu after the video ended. Drove me nuts!,3,False,Alwizzy,Good Initial Launch
2023-06-16 16:16:17,It‚Äôs about time the best comedy network has their own app. Been working great so far.,5,False,D_Scott07,Finally
2023-06-20 16:26:11,I‚Äôm just happy they got the app out I don‚Äôt really care if it works,5,False,Great valve Thor,About time
2024-01-13 13:18:06,Whether it be the app or the site the video crashes if you leave it paused for too long. Now I‚Äôm having issues downloading the mp3 version.,2,False,BBB6697,Video player crashing
2023-06-25 00:53:44,"There needs to be an in app download so that we can save them so if we‚Äôre in areas like I am at many times during work, I can listen to the episodes with no cell service.",2,False,Xdgbdddh,In app download
2023-07-18 01:31:20,"Straight garbage. No queue, no recently played, no media controls when phone is locked, doesn‚Äôt hold play back spot when stopped and closed. How? How is it possible to be an audio media company and be this bad at playing audio.",1,False,No comment again,Unfathomably bad
2023-06-17 19:53:08,Works great now I can watch all my favorite podcasts on a app super psyched,5,False,hffgua,5 stars
2023-12-03 20:35:05,Day 92 of not being able to login on the app. WHERE IS BOBBY HUTCH WHEN YOU NEED HIM.,3,False,HatedMiata,Doggie
2024-02-05 23:11:54,please allow for picture in picture. when i close the app the video plays for a second on my home screen and then disappears. would love to keep that open.,4,False,jcafaro17,some features need to be added
2023-09-02 01:22:12,Search feature barely works. Can‚Äôt close out of videos or return to previous page. Can‚Äôt believe we pay for this service.,1,False,SomeIrishPrick,Trash app
2023-06-18 20:05:59,Words.,5,False,DallasFromTX,Finally!
2023-07-02 23:18:52,"I login fine, navigate to LoS pod, pick the episode but it never loads past the skanks picture and logo",2,False,voodoomoon13,Episodes won‚Äôt load
2023-06-17 03:46:45,About time we got a new app can‚Äôt wait to use it!,5,False,Shady MotoRider,LET‚ÄôS GOOOO!
2023-08-25 16:29:25,Idk who Luis paid to make this app but he should get his money back. They still have the absolute worst video player out there,1,False,Ryan Miers,Terrible
2023-08-16 19:11:52,I can‚Äôt long in on the app or the web site. I reach out to the studio and get no response and no help. What a waste of time. Love the shows though.,1,False,Herb.P,Nothing works haha!
2023-06-19 01:23:14,Best new podcast app that just dropped,5,False,EatingTrash,It‚Äôs the best
2023-06-17 07:03:59,I can‚Äôt play listen or watch any content as of right now,2,False,k doggie dawg,Can‚Äôt play
2023-06-20 07:38:55,"Looks great! Works great so far. Impressed doggies‚Ä¶‚Ä¶. 
      BLOP BLOP",5,False,Mortadel,Took Forever
2023-07-21 13:09:37,hosted by the Puerto Rican Rattle Snake and the Caucasian Birthday Cake (Luis J. Gomez and Zac Amico),5,False,Owl Mipe Ewsy,I use it to watch RAP
2023-07-06 14:19:24,Everything works with the means to be expected but it doesn‚Äôt save the spot where you were in the episode so you can‚Äôt do anything else unless you check time code first,3,False,Pinbalin,Good idea for the app less execution
2023-07-04 12:38:20,WOOP!!!!,5,False,justin_cody,Great podcast network
2023-06-16 15:26:22,Dammit Ralph this app stinks. Solid 5 ‚≠êÔ∏è,5,False,BeejusChrist666,GAS
2023-08-27 03:10:03,Unreliable app. here‚Äôs some gas for ya üêïüí®,1,False,adam rochotte,Still Doesn‚Äôt Work
2023-06-19 21:24:59,legion of skanks? more like legion of shut,1,False,disiabJ,shut app - no content loads
2023-08-27 20:01:31,Garbage,1,False,joe1035,Trash
2024-01-29 02:02:32,"This app is absolutely TERRIBLE on the iPhone (not sure about an Android phone). It is almost unusable. It crashes (app refreshes) constantly when you have paused an episode. Then when you go to app again, you have to find the episode that you were watching, which can be a pain if you are watching an older show. Wireless (and presumably, wired) headphone controls do not work properly. Yes, the PAUSE button works, but if the app is not currently active on your screen then the PLAY button will not work and the app will crash (refresh). 
*** I've found (I think) a work-around that fixes the issue most of the time (it will still crash sometimes). When you need to pause your show; open your phone, go to the app and pause manually. NEVER use the pause button on your headphones, it will crash 100% of the time. Skipping 30-seconds or rewinding from your headphones does NOT work. Luis, please fix this. I love GAS Digital but I would rather use a podcast app then the GAS app most of the time.",1,False,Kyle L. Christmas,TERRIBLE on an iPhone
2023-10-19 17:12:57,10/19/23 - literally only downloaded this app because this is the platform Godfrey uses. i‚Äôm not in the tech world so idk the language but this app needs a lot of work. doesn't run smoothly.,1,False,surethaang,App is Inefficient
2023-10-11 16:30:54,App barely works. Shows are never on time. Search function doesn‚Äôt work. Back catalog not completely available as advertised. Do yourself a favor and just watch the shows on YouTube.,1,False,Mnorwalk,Trash
2023-08-22 12:20:58,"Main issues I have are when pausing the app will lose its place in the episode of whatever you‚Äôre watching/listening to and have to scroll back through to find your spot. And on top of that the controls for the players are so small and close together that trying to rewind you‚Äôll end up hitting pause or worse accidentally touching the bar that will shift you back to the beginning of the episode. It‚Äôs infuriating, would rather listen/watch on YouTube but i like having the uncensored content and getting it earlier than free release. Please fix, the media player is downright awful.",2,False,Nicknamesaregayer,Media Player on the App is Terrible
2023-08-02 15:57:45,"App doesn‚Äôt save your place in a video when you pause the videos and use another app, without closing gas digital app, so when you go back to the gas app you have to search for the video you were just watching/listening to, and then try to find wherever you were watching from before. I‚Äôll just stick with the overly edited videos on YouTube or listen through iTunes. 

Please fix if you want me to pay for a subscription.",1,False,Seagan,Annoying app.
2023-06-27 04:56:18,"I'm pretty sure most people would just prefer the podcasts work on as many podcasting apps as possible. Be able to get a link to a private YouTube feed in the app. And maybe support apple podcast subscriptions (even if at a markup to cover the Apple Tax). 

The app is fine for what it is. Just feels weird considering other shows work in nearly every app.",2,False,MonsterRayn,Not sure why an app is necessary.
